epoch,time,train/box_loss,train/cls_loss,train/l1_loss,metrics/precision(B),metrics/recall(B),metrics/mAP50(B),metrics/mAP50-95(B),val/box_loss,val/cls_loss,val/l1_loss,lr/pg0,lr/pg1,lr/pg2,lr/pg3,lr/pg4,lr/pg5,lr/pg6,lr/pg7
1,25.5832,2.16575,0.74819,0.0095,0.89087,0.99566,0.97445,0.63983,1.37357,0.47613,0.00464,0.0009,0.0003,0.0009,0.0003,0.0709,0.0703,0.0009,0.0003
2,31.1073,1.29667,0.45414,0.00517,0.8912,0.9989,0.95278,0.6405,1.31998,0.47267,0.00423,0.00186238,0.000620793,0.00186238,0.000620793,0.038529,0.0372875,0.00186238,0.000620793
3,36.2732,1.17928,0.49856,0.00444,0.91071,1,0.96247,0.69576,1.1336,0.44207,0.00365,0.00278516,0.000928387,0.00278516,0.000928387,0.00611849,0.00426172,0.00278516,0.000928387
4,41.4845,1.02507,0.3755,0.00385,0.93093,1,0.978,0.71301,1.07159,0.39768,0.00349,0.0028218,0.0009406,0.0028218,0.0009406,0.0028218,0.0009406,0.0028218,0.0009406
5,46.7243,0.90454,0.27562,0.00335,0.93062,1,0.99068,0.73168,0.98663,0.37738,0.00321,0.0027624,0.0009208,0.0027624,0.0009208,0.0027624,0.0009208,0.0027624,0.0009208
6,52.0328,0.83896,0.27489,0.00289,0.93046,1,0.99143,0.75286,0.9225,0.39413,0.00302,0.002703,0.000901,0.002703,0.000901,0.002703,0.000901,0.002703,0.000901
7,57.2944,0.81282,0.25443,0.00291,0.97561,0.97542,0.99193,0.7597,0.88195,0.3638,0.00288,0.0026436,0.0008812,0.0026436,0.0008812,0.0026436,0.0008812,0.0026436,0.0008812
8,62.4387,0.8099,0.2922,0.00288,0.96075,0.97561,0.99242,0.76792,0.86756,0.33482,0.00276,0.0025842,0.0008614,0.0025842,0.0008614,0.0025842,0.0008614,0.0025842,0.0008614
9,67.5677,0.78213,0.28242,0.00275,0.96374,0.97561,0.99242,0.79324,0.87806,0.28988,0.00272,0.0025248,0.0008416,0.0025248,0.0008416,0.0025248,0.0008416,0.0025248,0.0008416
10,72.8057,0.72637,0.24876,0.00259,0.96358,0.97561,0.99242,0.79023,0.84336,0.25087,0.00265,0.0024654,0.0008218,0.0024654,0.0008218,0.0024654,0.0008218,0.0024654,0.0008218
11,77.9399,0.7385,0.22512,0.00256,0.96372,0.97561,0.99242,0.78652,0.82648,0.25339,0.0026,0.002406,0.000802,0.002406,0.000802,0.002406,0.000802,0.002406,0.000802
12,83.18,0.68466,0.20792,0.00264,0.97486,0.97561,0.99315,0.80243,0.85115,0.2616,0.00268,0.0023466,0.0007822,0.0023466,0.0007822,0.0023466,0.0007822,0.0023466,0.0007822
13,88.4311,0.71754,0.22779,0.0025,0.99668,0.97561,0.99364,0.81462,0.81418,0.2632,0.00256,0.0022872,0.0007624,0.0022872,0.0007624,0.0022872,0.0007624,0.0022872,0.0007624
14,93.668,0.67902,0.23805,0.00242,0.99321,0.97561,0.99364,0.81183,0.79767,0.27581,0.00254,0.0022278,0.0007426,0.0022278,0.0007426,0.0022278,0.0007426,0.0022278,0.0007426
15,98.9855,0.6253,0.20237,0.00217,0.99247,0.97561,0.99407,0.81233,0.77297,0.22997,0.00245,0.0021684,0.0007228,0.0021684,0.0007228,0.0021684,0.0007228,0.0021684,0.0007228
16,104.201,0.65994,0.21373,0.00236,0.99079,0.97561,0.99407,0.81827,0.80564,0.24226,0.00256,0.002109,0.000703,0.002109,0.000703,0.002109,0.000703,0.002109,0.000703
17,109.461,0.72253,0.23339,0.00256,0.989,0.97561,0.99407,0.81784,0.81087,0.24071,0.00252,0.0020496,0.0006832,0.0020496,0.0006832,0.0020496,0.0006832,0.0020496,0.0006832
18,114.757,0.73082,0.21693,0.00252,0.9918,0.97561,0.99407,0.80657,0.8248,0.24444,0.00259,0.0019902,0.0006634,0.0019902,0.0006634,0.0019902,0.0006634,0.0019902,0.0006634
19,119.974,0.68072,0.22277,0.00238,0.99355,0.97561,0.99407,0.82076,0.80604,0.23877,0.00254,0.0019308,0.0006436,0.0019308,0.0006436,0.0019308,0.0006436,0.0019308,0.0006436
20,125.322,0.63053,0.19783,0.00222,0.99307,0.97561,0.99407,0.81617,0.80158,0.26224,0.00252,0.0018714,0.0006238,0.0018714,0.0006238,0.0018714,0.0006238,0.0018714,0.0006238
21,130.569,0.70058,0.21962,0.00245,0.99329,0.97561,0.99407,0.81009,0.79145,0.29947,0.00251,0.001812,0.000604,0.001812,0.000604,0.001812,0.000604,0.001812,0.000604
22,135.848,0.62356,0.21315,0.00239,0.99279,0.97561,0.99407,0.81978,0.75674,0.25633,0.00243,0.0017526,0.0005842,0.0017526,0.0005842,0.0017526,0.0005842,0.0017526,0.0005842
23,141.121,0.68955,0.26839,0.00223,0.99081,0.97561,0.99407,0.81728,0.77496,0.24322,0.00248,0.0016932,0.0005644,0.0016932,0.0005644,0.0016932,0.0005644,0.0016932,0.0005644
24,146.235,0.64064,0.2181,0.00222,0.98808,0.97561,0.99407,0.82247,0.79396,0.23535,0.00249,0.0016338,0.0005446,0.0016338,0.0005446,0.0016338,0.0005446,0.0016338,0.0005446
25,151.536,0.6039,0.24113,0.00218,0.98641,0.97561,0.99407,0.83055,0.77437,0.2332,0.00247,0.0015744,0.0005248,0.0015744,0.0005248,0.0015744,0.0005248,0.0015744,0.0005248
26,156.783,0.64257,0.22092,0.00212,0.98716,0.97561,0.99407,0.83121,0.77923,0.22713,0.00249,0.001515,0.000505,0.001515,0.000505,0.001515,0.000505,0.001515,0.000505
27,162.03,0.66547,0.24476,0.00235,0.9873,0.97561,0.99407,0.82964,0.77355,0.22195,0.00245,0.0014556,0.0004852,0.0014556,0.0004852,0.0014556,0.0004852,0.0014556,0.0004852
28,167.216,0.6459,0.23952,0.00216,0.98751,0.97561,0.99407,0.82577,0.77012,0.2218,0.00243,0.0013962,0.0004654,0.0013962,0.0004654,0.0013962,0.0004654,0.0013962,0.0004654
29,172.395,0.59767,0.24233,0.00221,0.98871,0.97561,0.99407,0.82726,0.74036,0.21615,0.00237,0.0013368,0.0004456,0.0013368,0.0004456,0.0013368,0.0004456,0.0013368,0.0004456
30,177.503,0.59817,0.19388,0.00215,0.98921,0.97561,0.99407,0.82583,0.73701,0.21563,0.00237,0.0012774,0.0004258,0.0012774,0.0004258,0.0012774,0.0004258,0.0012774,0.0004258
31,182.702,0.5793,0.20487,0.00218,0.98963,0.97561,0.99407,0.82661,0.76419,0.22331,0.00242,0.001218,0.000406,0.001218,0.000406,0.001218,0.000406,0.001218,0.000406
32,188.005,0.6415,0.20864,0.00216,0.98902,0.97561,0.99407,0.83134,0.75711,0.22354,0.00241,0.0011586,0.0003862,0.0011586,0.0003862,0.0011586,0.0003862,0.0011586,0.0003862
33,193.258,0.63145,0.18531,0.00224,0.98891,0.97561,0.99407,0.82695,0.75062,0.22465,0.00241,0.0010992,0.0003664,0.0010992,0.0003664,0.0010992,0.0003664,0.0010992,0.0003664
34,198.495,0.61081,0.24174,0.00216,0.98862,0.97561,0.99407,0.82344,0.74894,0.22558,0.0024,0.0010398,0.0003466,0.0010398,0.0003466,0.0010398,0.0003466,0.0010398,0.0003466
35,203.79,0.67554,0.25876,0.00237,0.98887,0.97561,0.99407,0.82643,0.76049,0.22756,0.00241,0.0009804,0.0003268,0.0009804,0.0003268,0.0009804,0.0003268,0.0009804,0.0003268
36,209.203,0.63667,0.24303,0.00225,0.98904,0.97561,0.99407,0.82543,0.7683,0.22732,0.00244,0.000921,0.000307,0.000921,0.000307,0.000921,0.000307,0.000921,0.000307
37,214.412,0.59102,0.20938,0.00212,0.98855,0.97561,0.99407,0.82651,0.75835,0.22666,0.00242,0.0008616,0.0002872,0.0008616,0.0002872,0.0008616,0.0002872,0.0008616,0.0002872
38,219.694,0.58405,0.2016,0.00207,0.98804,0.97561,0.99407,0.82745,0.7623,0.22896,0.00244,0.0008022,0.0002674,0.0008022,0.0002674,0.0008022,0.0002674,0.0008022,0.0002674
39,225.035,0.58808,0.2325,0.0019,0.98811,0.97561,0.99407,0.82406,0.7548,0.22855,0.00242,0.0007428,0.0002476,0.0007428,0.0002476,0.0007428,0.0002476,0.0007428,0.0002476
40,230.236,0.60521,0.20515,0.00223,0.98797,0.97561,0.99407,0.82723,0.73952,0.22779,0.00239,0.0006834,0.0002278,0.0006834,0.0002278,0.0006834,0.0002278,0.0006834,0.0002278
41,238.652,0.56914,0.18055,0.0021,0.98774,0.97561,0.99407,0.82383,0.75636,0.23084,0.00243,0.000624,0.000208,0.000624,0.000208,0.000624,0.000208,0.000624,0.000208
42,244.219,0.62343,0.21419,0.00213,0.9873,0.97561,0.99407,0.82396,0.77944,0.23133,0.00249,0.0005646,0.0001882,0.0005646,0.0001882,0.0005646,0.0001882,0.0005646,0.0001882
